Fund Name,P1,P2,P3,P4,P5,Topsis Score,Rank
M1,0.86,0.74,3.2,38.8,10.9,0.32145676337458995,8
M2,0.76,0.58,5.1,57.0,15.86,0.6166573174889861,3
M3,0.69,0.48,6.3,54.3,15.44,0.6821578531224496,1
M4,0.89,0.79,5.3,59.4,16.6,0.4733975890924125,5
M5,0.84,0.71,6.2,32.9,10.16,0.3812941984112547,7
M6,0.84,0.71,5.5,67.8,18.71,0.5756605805884447,4
M7,0.63,0.4,5.5,45.4,12.98,0.6274064323488968,2
M8,0.94,0.88,4.3,63.6,17.43,0.4418075557277125,6
